iteration,sample,e2b:coldstart,e2b:native-exec,e2b:agent-exec,e2b:agent-health,daytona:coldstart,daytona:native-exec,daytona:agent-exec,daytona:agent-health
1,1,671.84,281.01,86.51,65.1,546.14,30.56,16.73,9.21
1,2,477.87,88.72,78.7,73.45,884.22,12.22,17.44,8.06
1,3,454.4,79.13,65.74,73.73,741.44,25.05,17.71,8.46
1,4,269.78,79.64,68.01,75.48,597.78,11.38,12.05,8.59
1,5,257.13,78.43,73.5,74.49,752.4,22.7,9.96,8.95
1,6,264.77,70.15,66.86,73.13,528.58,23.37,9.36,9.42
1,7,259.08,80.69,65.07,65.19,762.61,22.59,10.22,8.24
1,8,284.71,79.52,74.88,73.14,912.21,23.18,9.67,8.48
1,9,267.49,81.55,74.34,64.15,537.17,23.47,8.84,7.84
1,10,259.03,79.94,66.1,74.31,986.03,11.85,10.52,7.15
2,1,274.56,90.82,88.97,64.38,534.96,25.88,17.3,25.84
2,2,256.63,93.03,77.65,64.52,986.69,20.71,33.49,24.57
2,3,391.69,72.07,66.21,73.42,856.63,16.07,27.17,24.06
2,4,255.19,80.11,68.05,75.08,511.44,18.81,26.62,27.07
2,5,419.51,81.97,74.43,63.96,539.74,16.76,46.54,24.73
2,6,264.87,71.38,74.96,64.72,529.89,17.96,26.2,26.27
2,7,272.54,81.15,65.83,65.17,1114.22,19.2,28.37,24.48
2,8,244.47,72.79,67.03,65.27,534.79,19.23,27.06,27.23
2,9,252.5,78.91,65.38,72.76,547.41,19.72,26.96,9.92
2,10,258.29,73.15,67.47,65.98,875.37,19.66,26.44,24.3
3,1,338.67,82.61,79.35,64.88,1650.48,99.97,91.37,83.22
3,2,244.43,92.4,85.15,72.38,982.65,106.33,36.97,31.69
3,3,246.67,77.86,233.23,64.67,639.6,114.52,31.72,82.06
3,4,268.2,81.27,74.32,230.78,651.56,94.84,98.32,28.64
3,5,251.93,396.4,66.61,66.85,420.14,86.02,98.81,27.97
3,6,261.59,81.06,66.54,66.73,421.02,88.69,34.3,29.16
3,7,250.08,227.44,66.68,64.77,1541.35,107.37,32.62,83.45
3,8,255.71,72.51,65.58,73.5,651.79,97.1,32.23,29.29
3,9,250.78,91.02,66.74,67.67,635.93,130.13,30.98,87.44
3,10,246.49,80.24,65.7,64.46,1282.58,95.91,32.38,29.64
4,1,275.4,82.48,78.45,66.35,1448.41,33.11,26.25,24.08
4,2,434.52,83.59,241.19,73.9,880.74,25.92,15.32,9.97
4,3,347.54,78.82,68.99,73.27,757.69,30.76,9.94,22.87
4,4,381.05,81.08,74.24,234.09,762.68,28.3,24.65,7.71
4,5,263.09,79.1,66.6,65.27,872.74,28.18,10.35,19.89
4,6,261.92,80.09,67.18,72.75,523.71,26.47,9.93,8.98
4,7,286.95,72.05,67.52,77.89,537.87,27.58,22.63,25.34
4,8,245.45,71.55,78.98,64.82,546.51,26.76,8.47,9.46
4,9,250.23,71.49,76.07,73.59,542.77,27.15,11.53,10.72
4,10,270.3,73.2,69.35,65.02,766.23,22.52,10.56,9.09
5,1,279.71,84.93,80.03,63.59,875.66,49.47,14.42,7.95
5,2,255.98,82.07,79.1,64.85,530.12,11.86,14.85,7.36
5,3,388.91,72.52,66.3,64.71,890.63,32.19,9.98,8.64
5,4,315.08,119.63,75.79,73.8,544.06,11.57,9.87,8.42
5,5,259.98,79.3,70.45,73.61,544.94,12.13,21.07,6.83
5,6,272.26,71.14,67.91,73.01,528.88,11.39,8.93,6.78
5,7,312.83,79.7,75.84,65.59,882.25,10.66,9.46,9.14
5,8,361.36,78.89,67.42,64.49,779.99,20.63,21.66,7.77
5,9,264.42,72.25,66.18,66.21,542.93,25.53,8.73,21.61
5,10,253.7,70.37,75.29,65.23,426.83,24.65,9.12,25.58
6,1,288.44,91.46,79.91,65.73,881.14,17.62,26.94,12.92
6,2,251.9,92.12,77.31,65,653.3,10.39,14.83,9.32
6,3,253.32,79.05,266.02,64.63,534.54,23.29,9.58,8.65
6,4,429.7,79.07,66.16,65.66,419.15,24.61,8.94,8.87
6,5,255.09,79.69,66.54,64.33,771.85,23.83,20.36,8.95
6,6,243.26,71.92,66.94,65.31,534.54,10.95,20.08,8.2
6,7,242.95,79.82,67.65,64.96,774.43,11.79,12.8,11.36
6,8,252.35,81.09,67.13,65.03,549.74,10.92,10.22,7.7
6,9,248.42,74.04,89.78,64.19,533.38,10.91,8.42,8.28
6,10,257.08,79.02,66.67,64.34,532.7,11.22,20.6,23.89
7,1,286.23,86.44,86.02,73.35,1122.82,221.71,222.03,214.56
7,2,261.66,85.73,76.14,66.25,551.03,218.92,223.02,71.89
7,3,248.99,72.2,67.24,73.33,652.49,78.15,74.15,211.45
7,4,246.17,72.86,73.92,75.6,1110.99,77.16,212.57,73.28
7,5,258.92,274.47,75.69,78.2,906.56,81.93,216.78,213.06
7,6,283.35,74.11,67.95,64.57,773.81,81.25,215.28,73.35
7,7,262.25,71.04,77.1,65.43,767.35,78.76,218.31,211.74
7,8,254.5,80.03,74.66,73.39,1325.99,80.29,213.07,72.43
7,9,251.18,81.37,67.56,64.69,549.26,79.39,215.96,215.16
7,10,260.11,71.09,75.29,64.79,1537.75,79.85,214.43,72.75
8,1,633.77,82.81,77.42,65.15,865.18,38.39,17.47,9.64
8,2,257.04,81.66,75.65,64.21,650.22,28.24,18.55,8.53
8,3,258.06,81.97,68.45,65.01,546.69,28.63,10.89,10.34
8,4,278.79,73.18,67.3,65.31,537.25,25.73,9.91,8.75
8,5,257.6,74.15,66.51,73.1,537.92,34.5,10.25,8.31
8,6,725.64,81.17,67.51,64.9,656.71,28.69,22.14,8.14
8,7,256.18,75.6,74.48,65.88,645.95,13.67,25.5,9.6
8,8,254.04,72.3,66.21,63.58,655.24,30.87,10.73,8.58
8,9,265.91,81.31,69.42,69.45,1987.43,27.06,51.06,9.31
8,10,253.51,72.5,67.73,66.95,422.32,27.12,11.03,8.57
9,1,484.65,79.98,80.08,235.75,1558.69,16.41,26.76,8.73
9,2,488.27,80.38,94.25,102.66,778.2,11.06,32.5,7.78
9,3,264.34,71.55,75.81,65.71,437.54,11.73,8.9,18.66
9,4,259.2,79.97,85.16,113.12,974.92,11.13,8.64,12.92
9,5,262.17,70.12,79.63,63.67,519.78,11.69,8.97,22.46
9,6,277.7,79.17,90.79,89.03,537.32,11.63,8.75,7.98
9,7,279.96,80.59,68.79,75.75,879.29,11.47,18.59,20.69
9,8,270.02,71.75,88.5,81.24,872.98,14.54,21.18,8.54
9,9,261.8,78.62,68.88,64.9,674.08,11.23,9.81,8.38
9,10,281.32,78.19,89.13,76.92,531.41,24.82,21,6.85
10,1,282.52,88.64,84.93,71.9,538.18,2104.77,36.31,30.18
10,2,262.25,89.29,80.09,65.83,781.62,88.02,37.89,29.87
10,3,267.79,70.34,65.86,75.89,1340.12,35.78,30.28,30.16
10,4,287.05,69.98,67.11,73.45,540.91,84.03,31.94,27.81
10,5,266.82,77.99,75.94,74.77,536.75,88.36,29.47,29.56
10,6,414.26,70.99,71.18,75.88,758.86,88.37,90.17,82.95
10,7,265.73,69.14,67,77.05,545.53,88.32,31.76,28.36
10,8,260.76,71.2,67.98,64.72,646.03,90.41,85.52,83.37
10,9,259.91,73.73,69.24,66.49,527.37,36.52,35.36,81.39
10,10,469.55,89.29,67.01,64.31,1051.3,90.14,85.99,29.27
